{
  "attackBtnPos": [
    529,
    335
  ],
  "orgin": [
    532,
    240
  ],
  "raisePricePos": [
    662,
    145
  ],
  "myPricePosSize": {
    "size": [
      53,
      18
    ],
    "pos": [
      646,
      100
    ]
  },
  "currTimePosSize": {
    "size": [
      67,
      15
    ],
    "pos": [
      104,
      227
    ]
  },
  "bidBtnPos": [
    770,
    250
  ],
  "reloadBtnPos": [
    636,
    321
  ],
  "raisePriceBtnPos": [
    770,
    142
  ],
  "minPricePosSize": {
    "size": [
      45,
      15
    ],
    "pos": [
      131,
      244
    ]
  }
}