{
    "myPricePosSize": {
        "size": [
            65,
            22
        ],
        "pos": [
            1232,
            411
        ]
    },
    "currTimePosSize": {
        "size": [
            84,
            19
        ],
        "pos": [
            556,
            568
        ]
    },
    "minPricePosSize": {
        "size": [
            56,
            19
        ],
        "pos": [
            589,
            587
        ]
    },
    "reloadBtnPos": [
        1220,
        683
    ],
    "raisePriceBtnPos": [
        1398,
        463
    ],
    "bidBtnPos": [
        1398,
        595
    ],
    "attackLastTime": "57",
    "bidTime": "45",
    "raisePricePos": [
        1248,
        463
    ],
    "raisePrice": "1000",
    "attackBtnPos": [
        1089,
        701
    ]
}